{
  "Total" : {
    "transaction" : "Total",
    "sampleCount" : 3,
    "errorCount" : 0,
    "errorPct" : 0.0,
    "meanResTime" : 2264.0,
    "medianResTime" : 1443.0,
    "minResTime" : 1428.0,
    "maxResTime" : 3921.0,
    "pct1ResTime" : 3921.0,
    "pct2ResTime" : 3921.0,
    "pct3ResTime" : 3921.0,
    "throughput" : 0.44150110375275936,
    "receivedKBytesPerSec" : 18.636606650110377,
    "sentKBytesPerSec" : 0.06251724613686534
  },
  "HTTP Request" : {
    "transaction" : "HTTP Request",
    "sampleCount" : 3,
    "errorCount" : 0,
    "errorPct" : 0.0,
    "meanResTime" : 2264.0,
    "medianResTime" : 1443.0,
    "minResTime" : 1428.0,
    "maxResTime" : 3921.0,
    "pct1ResTime" : 3921.0,
    "pct2ResTime" : 3921.0,
    "pct3ResTime" : 3921.0,
    "throughput" : 0.44150110375275936,
    "receivedKBytesPerSec" : 18.636606650110377,
    "sentKBytesPerSec" : 0.06251724613686534
  }
}